{"train_loss": [1.519719105911255, 1.004069585609436, 0.7943165018844605, 0.685599134941101, 0.6127196318435669, 0.5669644545936584, 0.5228787204647064, 0.4964888264656067, 0.4705160440635681, 0.44887788482666013, 0.4317431037139893, 0.41062470359802244, 0.4011121143436432, 0.38399817235946654, 0.37699144331932066, 0.3679304523086548, 0.35161714637756347, 0.34218673357963564, 0.3334458889865875, 0.32242534272193907, 0.3208265026187897, 0.30692200894355776, 0.30505910784721374, 0.2973233104324341, 0.2927666395378113, 0.2783573640823364, 0.2803223611068726, 0.2684185139656067, 0.26626284670829775, 0.2556634973526001, 0.2520803877925873, 0.24999753525733948, 0.24087065346717834, 0.23667174575805663, 0.23054775372505187, 0.22596947052955627, 0.21836710385322572, 0.21348214449882508, 0.20933118017196656, 0.2034288128900528, 0.19248088957071305, 0.1907171965932846, 0.18347764813423156, 0.17713359637260437, 0.1722663441801071, 0.16790852879524232, 0.16297050252437592, 0.15275900057792663, 0.14840696969032288, 0.1430358247089386, 0.1355180457019806, 0.12942828611373902, 0.12331790279388427, 0.11784248767614365, 0.11686540150165557, 0.10371314686775207, 0.10287293972969055, 0.09247769600868225, 0.08810103474617004, 0.08434353216707706, 0.07848297602176667, 0.0699705073070526, 0.06498685328006744, 0.06285817556619644, 0.058371141023635865, 0.05405187382221222, 0.049437964729070666, 0.04784757818937302, 0.04508320518016815, 0.0415511030125618, 0.04028639621257782, 0.0376486873447895, 0.03614948530673981, 0.03538334994673729, 0.03480646548330784, 0.03352617733716965, 0.03241990372180939, 0.03307825062453747, 0.034074423434734345, 0.03279695011138916], "train_acc": [0.43683999998092654, 0.6429200000190735, 0.7196799999618531, 0.7614200000190735, 0.78838, 0.804419999961853, 0.8178999999809266, 0.82722, 0.836960000038147, 0.843439999961853, 0.851379999961853, 0.856739999961853, 0.8620000000190735, 0.8653200000190735, 0.8678400000190735, 0.87322, 0.877240000038147, 0.8800399999809265, 0.8835000000190735, 0.8883399999809265, 0.887679999961853, 0.8933199999618531, 0.8928800000190735, 0.8959199999809265, 0.8979399999809266, 0.903380000038147, 0.900739999961853, 0.90592, 0.9081000000190735, 0.9104400000190734, 0.9110199999809265, 0.9130399999809266, 0.9157000000190735, 0.917279999961853, 0.92042, 0.920099999961853, 0.9239399999809265, 0.92486, 0.92712, 0.928439999961853, 0.9334000000381469, 0.9331400000190735, 0.936080000038147, 0.9372799999618531, 0.9389800000190734, 0.94072, 0.9423399999809265, 0.94564, 0.9490200000190735, 0.9490400000381469, 0.952000000038147, 0.9535199999809265, 0.9570400000381469, 0.958639999961853, 0.95812, 0.9632600000381469, 0.9637600000190735, 0.967600000038147, 0.970100000038147, 0.97028, 0.9733, 0.976159999961853, 0.9778000000381469, 0.978719999961853, 0.9796799999809265, 0.9823600000190735, 0.9836600000190735, 0.9848400000190735, 0.98532, 0.98644, 0.9873400000381469, 0.9880200000190735, 0.9893000000190735, 0.9893000000190735, 0.9896, 0.98952, 0.9906800000190735, 0.99014, 0.989540000038147, 0.9903000000190735], "test_loss": [1.294128636932373, 1.0847438519477843, 0.880806578540802, 1.0681417387008667, 0.6710878036022186, 0.6846314493179322, 0.7262183762550354, 0.71044345703125, 0.7564834060668946, 0.5711023962020874, 0.5593991969108582, 0.5977968598365784, 0.5441534511566162, 0.47850992927551267, 0.5416666138648987, 0.4552279752373695, 0.49152571716308596, 0.5166795094490051, 0.481671227312088, 0.6176306609153748, 0.47036901988983154, 0.5099608403205872, 0.5094134147644043, 0.43200970039367675, 0.4407406593322754, 0.5649651752948761, 0.4306897839546204, 0.5347445503711701, 0.43295348591804506, 0.42217244329452513, 0.5165539982795715, 0.39241123809814454, 0.3957955654621124, 0.49284076852798464, 0.381003581905365, 0.39919729413986205, 0.4343205201148987, 0.44679134942889215, 0.3919240633249283, 0.40227700009346007, 0.4292231194734573, 0.45660673942565916, 0.40516543140411376, 0.39595256958007813, 0.3919212336540222, 0.4086471977710724, 0.5639141745567322, 0.43402852873802183, 0.37790444679260254, 0.38273767478466036, 0.36121708974838257, 0.3756142239570618, 0.3584711643218994, 0.3836465449810028, 0.39549896450042726, 0.3627258575439453, 0.4132098209142685, 0.36304941527843476, 0.3595045654296875, 0.3731747716426849, 0.384915399980545, 0.37835896935462954, 0.3697355980396271, 0.36723892748355863, 0.38327161111831665, 0.3735636989593506, 0.3733802278518677, 0.3631161708831787, 0.3669087477207184, 0.3626634344816208, 0.36785762939453126, 0.3703316476345062, 0.36858951363563536, 0.36764576988220216, 0.3698753604412079, 0.36683279881477354, 0.36852418360710143, 0.3711153430461884, 0.3691180549621582, 0.3704985388755798], "test_acc": [0.5401, 0.6462, 0.704, 0.6786, 0.7749, 0.7731, 0.7655, 0.7705, 0.7504, 0.8128, 0.8196, 0.7994, 0.8235, 0.8435, 0.8247, 0.8532, 0.8386, 0.829, 0.8452, 0.8034, 0.8544, 0.8305, 0.8336, 0.8614, 0.8548, 0.8209, 0.8609, 0.8357, 0.8628, 0.8627, 0.8434, 0.8696, 0.8736, 0.852, 0.877, 0.8765, 0.8697, 0.8638, 0.8762, 0.8744, 0.8711, 0.8654, 0.8759, 0.878, 0.8842, 0.8792, 0.8452, 0.878, 0.8878, 0.8867, 0.8944, 0.8919, 0.8953, 0.8908, 0.8901, 0.9004, 0.8892, 0.901, 0.9043, 0.9005, 0.899, 0.9002, 0.9042, 0.9058, 0.905, 0.9049, 0.9079, 0.9084, 0.9087, 0.9091, 0.9096, 0.9095, 0.9113, 0.9111, 0.9096, 0.9104, 0.9098, 0.9099, 0.9109, 0.9109], "lr": [0.09996145181203615, 0.0998458666866564, 0.09965342284774632, 0.0993844170297569, 0.09903926402016153, 0.09861849601988383, 0.09812276182268237, 0.0975528258147577, 0.09690956679612422, 0.09619397662556435, 0.09540715869125407, 0.0945503262094184, 0.09362480035363988, 0.09263200821770462, 0.09157348061512728, 0.09045084971874738, 0.08926584654403726, 0.08802029828000157, 0.0867161254717843, 0.08535533905932739, 0.08394003727664712, 0.08247240241650922, 0.08095469746549172, 0.07938926261462369, 0.07777851165098014, 0.07612492823579747, 0.07443106207484779, 0.07269952498697738, 0.07093298687687144, 0.06913417161825453, 0.06730585285387468, 0.0654508497187474, 0.06357202249325374, 0.061672268192795296, 0.05975451610080644, 0.05782172325201157, 0.05587686987289191, 0.053922954786392266, 0.051962990787953446, 0.05000000000000001, 0.048037009212046594, 0.046077045213607774, 0.04412313012710814, 0.042178276747988484, 0.04024548389919361, 0.03832773180720475, 0.03642797750674629, 0.03454915028125265, 0.032694147146125375, 0.030865828381745525, 0.02906701312312862, 0.027300475013022674, 0.025568937925152257, 0.02387507176420257, 0.02222148834901989, 0.020610737385376356, 0.01904530253450832, 0.01752759758349083, 0.01605996272335293, 0.014644660940672634, 0.013283874528215727, 0.011979701719998464, 0.010734153455962752, 0.009549150281252637, 0.008426519384872752, 0.007367991782295393, 0.006375199646360154, 0.005449673790581612, 0.004592841308745934, 0.0038060233744356643, 0.003090433203875793, 0.002447174185242324, 0.0018772381773176422, 0.0013815039801161725, 0.0009607359798384788, 0.0006155829702431172, 0.00034657715225368545, 0.00015413331334360183, 3.854818796385496e-05, 0.0]}